country,capital,capital:de,capital:es,capital:fr,capital:nb,capital:cs,capital:ru,capital:nl,capital:sv,capital:pt,capital:zh,capital:pl,capital:it,capital:da,capital:el
England,London,London,Londres,Londres,London,Londýn,Лондон,Londen,London,Londres,伦敦(London),Londyn,Londra,London,Λονδίνο
Scotland,Edinburgh,Edinburgh,Edimburgo,Édimbourg,Edinburgh,Edinburgh,Эдинбург,Edinburgh,Edinburgh,Edimburgo,爱丁堡(Edinburgh),Edynburg,Edimburgo,Edinburgh,Εδιμβούργο
United Kingdom,London,London,Londres,Londres,London,Londýn,Лондон,Londen,London,Londres,伦敦(London),Londyn,Londra,London,Λονδίνο
Northern Ireland,Belfast,Belfast,Belfast,Belfast,Belfast,Belfast,Белфаст,Belfast,Belfast,Belfaste,贝尔法斯特(Belfast),Belfast,Belfast,Belfast,Μπέλφαστ
France,Paris,Paris,París,Paris,Paris,Paříž,Париж,Parijs,Paris,Paris,巴黎(Paris),Paryż,Parigi,Paris,Παρίσι
Wales,Cardiff,Cardiff,Cardiff,Cardiff,Cardiff,Cardiff,Кардифф,Cardiff,Cardiff,Cardife,卡迪夫(Cardiff),Cardiff,Cardiff,Cardiff,Κάρντιφ
Georgia,Tbilisi,Tiflis,Tiflis,Tbilissi,Tbilisi,Tbilisi,Тбилиси,Tbilisi,Tbilisi,Tiblissi,第比利斯(Tbilisi),Tbilisi,Tbilisi,Tbilisi,Τιφλίδα
Germany,Berlin,Berlin,Berlín,Berlin,Berlin,Berlín,Берлин,Berlijn,Berlin,Berlim,柏林(Berlin),Berlin,Berlino,Berlin,Βερολίνο
Greece,Athens,Athen,Atenas,Athènes,Aten,Athény,Афины,Athene,Aten,Atenas,雅典(Athens),Ateny,Atene,Athen,Αθήνα
Greenland,Nuuk,Nuuk,Nuuk,Nuuk,Nuuk,Nuuk,Нуук,Nuuk,Nuuk,Nuque,努克(Nuuk),Nuuk,Nuuk,Nuuk,Νουούκ
Hungary,Budapest,Budapest,Budapest,Budapest,Budapest,Budapešť,Будапешт,Boedapest,Budapest,Budapeste,布达佩斯(Budapest),Budapeszt,Budapest,Budapest,Βουδαπέστη
Albania,Tirana,Tirana,Tirana,Tirana,Tirana,Tirana,Тирана,Tirana,Tirana,Tirana,地拉那(Tirana),Tirana,Tirana,Tirana,Τιράνα
Andorra,Andorra la Vella,Andorra la Vella,Andorra la Vieja,Andorre-la-Vieille,Andorra la Vella,Andorra la Vella,Андорра-ла-Велья,Andorra la Vella,Andorra la Vella,Andorra-a-Velha,安道尔城(Andorra la Vella),Andora,Andorra la Vella,Andorra la Vella,Ανδόρρα λα Βέλια
Austria,Vienna,Wien,Viena,Vienne,Wien,Vídeň,Вена,Wenen,Wien,Viena,维也纳(Vienna),Wiedeń,Vienna,Wien,Βιέννη
Azerbaijan,Baku,Baku,Bakú,Bakou,Baku,Baku,Баку,Bakoe,Baku,Bacu,巴库(Baku),Baku,Baku,Baku,Μπακού
Belarus,Minsk,Minsk,Minsk,Minsk,Minsk,Minsk,Минск,Minsk,Minsk,Minsque,明斯克(Minsk),Mińsk,Minsk,Minsk,Μινσκ
Belgium,Brussels,Brüssel,Bruselas,Bruxelles,Brussel,Brusel,Брюссель,Brussel,Bryssel,Bruxelas,布鲁塞尔(Brussels),Bruksela,Bruxelles,Bruxelles,Βρυξέλλες
Bosnia and Herzegovina,Sarajevo,Sarajevo,Sarajevo,Sarajevo,Sarajevo,Sarajevo,Сараево,Sarajevo,Sarajevo,Sarajevo,萨拉热窝(Sarajevo),Sarajewo,Sarajevo,Sarajevo,Σαράγεβο
Bulgaria,Sofia,Sofia,Sofía,Sofia,Sofia,Sofie,София,Sofia,Sofia,Sófia,索菲亚(Sofia),Sofia,Sofia,Sofia,Σόφια
Croatia,Zagreb,Zagreb,Zagreb,Zagreb,Zagreb,Záhřeb,Загреб,Zagreb,Zagreb,Zagrebe,萨格勒布(Zagreb),Zagrzeb,Zagabria,Zagreb,Ζάγκρεμπ
Czech Republic,Prague,Prag,Praga,Prague,Praha,Praha,Прага,Praag,Prag,Praga,布拉格(Prague),Praga,Praga,Prag,Πράγα
Denmark,Copenhagen,Kopenhagen,Copenhague,Copenhague,København,Kodaň,Копенгаген,Kopenhagen,Köpenhamn,"Copenhague (BR), Copenhaga (PT)",哥本哈根(Copenhagen),Kopenhaga,Copenaghen,København,Κοπεγχάγη
Estonia,Tallinn,Tallinn,Tallin,Tallinn,Tallinn,Tallinn,Таллинн,Tallinn,Tallinn,Talim,塔林(Tallinn),Tallinn,Tallinn,Tallinn,Ταλίν
Faroe Islands,Tórshavn,Tórshavn,Tórshavn,Tórshavn,Tórshavn,Tórshavn,Торсхавн,Tórshavn,Tórshavn,Tórshavn,托尔斯港(Tórshavn),Thorshavn,Tórshavn,Thorshavn,Τόρσχαβν
Finland,Helsinki,Helsinki,Helsinki,Helsinki,Helsingfors,Helsinky,Хельсинки,Helsinki,Helsingfors,"Helsinque (BR), Helsínquia (PT)",赫尔辛基(Helsinki),Helsinki,Helsinki,Helsinki,Χέλσινκι
Iceland,Reykjavík,Reykjavík,Reikiavik,Reykjavik,Reykjavík,Reykjavík,Рейкьявик,Reykjavik,Reykjavik,Reiquiavique,雷克雅未克(Reykjavík),Reykjavík,Reykjavík,Reykjavík,Ρέικιαβικ
Ireland,Dublin,Dublin,Dublín,Dublin,Dublin,Dublin,Дублин,Dublin,Dublin,Dublim,都柏林(Dublin),Dublin,Dublino,Dublin,Δουβλίνο
Italy,Rome,Rom,Roma,Rome,Roma,Řím,Рим,Rome,Rom,Roma,罗马(Rome),Rzym,Roma,Rom,Ρώμη
Latvia,Riga,Riga,Riga,Riga,Riga,Riga,Рига,Riga,Riga,Riga,里加(Riga),Ryga,Riga,Riga,Ρίγα
Liechtenstein,Vaduz,Vaduz,Vaduz,Vaduz,Vaduz,Vaduz,Вадуц,Vaduz,Vaduz,Vaduz,瓦杜兹(Vaduz),Vaduz,Vaduz,Vaduz,Βαντούζ
Lithuania,Vilnius,Vilnius,Vilna,Vilnius,Vilnius,Vilnius,Вильнюс,Vilnius,Vilnius,Vilnius,维尔纽斯(Vilnius),Wilno,Vilnius,Vilnius,Βίλνιους
Luxembourg,Luxembourg City,Luxemburg,Luxemburgo,Luxembourg,Luxembourg,Lucemburk,город Люксембург,Luxemburg,Luxemburg,Luxemburgo,卢森堡市(Luxembourg City),Luksemburg,Lussemburgo,Luxembourg,Πόλη του Λουξεμβούργου
North Macedonia,Skopje,Skopje,Skopie,Skopje,Skopje,Skopje,Скопье,Skopje,Skopje,Escópia,斯科普里(Skopje),Skopje,Skopje,Skopje,Σκόπια
Malta,Valletta,Valletta,La Valeta,La Valette,Valletta,Valletta,Валлетта,Valletta,Valletta,Valeta,瓦莱塔(Valletta),Valletta,La Valletta,Valletta,Βαλέτα
Moldova,Chișinău,Chișinău,Chisináu,Chișinău,Chisinau,Kišiněv,Кишинёв,Chișinău,Chișinău,Quixinau,基希讷乌(Chișinău),Kiszyniów,Chișinău,Chisinau,Κισινάου
Monaco,Monaco,Monaco,Mónaco,Monaco,Monaco,Monaco-Ville,Монако,Monaco,Monaco,"Mônaco (BR), Mónaco (PT)",摩纳哥(Monaco),Monako,Comune di Monaco,Monaco,Μονακό
Montenegro,Podgorica,Podgorica,Podgorica,Podgorica,Podgorica,Podgorica,Подгорица,Podgorica,Podgorica,Podgorica,波德戈里察(Podgorica),Podgorica,Podgorica,Podgorica,Ποντγκόριτσα
Netherlands,Amsterdam,Amsterdam,Ámsterdam,Amsterdam,Amsterdam,Amsterdam,Амстердам,Amsterdam,Amsterdam,"Amsterdã (BR), Amsterdão (PT)",阿姆斯特丹(Amsterdam),Amsterdam,Amsterdam,Amsterdam,Άμστερνταμ
Norway,Oslo,Oslo,Oslo,Oslo,Oslo,Oslo,Осло,Oslo,Oslo,Oslo,奥斯陆(Oslo),Oslo,Oslo,Oslo,Όσλο
Poland,Warsaw,Warschau,Varsovia,Varsovie,Warszawa,Varšava,Варшава,Warschau,Warszawa,Varsóvia,华沙(Warsaw),Warszawa,Varsavia,Warszawa,Βαρσοβία
Portugal,Lisbon,Lissabon,Lisboa,Lisbonne,Lisboa,Lisabon,Лиссабон,Lissabon,Lissabon,Lisboa,里斯本(Lisbon),Lizbona,Lisbona,Lissabon,Λισαβόνα
Romania,Bucharest,Bukarest,Bucarest,Bucarest,Bucuresti,Bukurešť,Бухарест,Boekarest,Bukarest,Bucareste,布加勒斯特(Bucharest),Bukareszt,Bucarest,Bukarest,Βουκουρέστι
Russia,Moscow,Moskau,Moscú,Moscou,Moskva,Moskva,Москва,Moskou,Moskva,"Moscou (BR), Moscovo (PT)",莫斯科(Moscow),Moskwa,Mosca,Moskva,Μόσχα
San Marino,City of San Marino,Stadt San Marino,San Marino,Ville de Saint-Marin,San Marino by,San Marino,Сан-Марино,San Marino,San Marino,São Marinho,圣马力诺市(City of San Marino),San Marino,Città di San Marino,San Marino,Πόλη του Αγίου Μαρίνου
Serbia,Belgrade,Belgrad,Belgrado,Belgrade,Beograd,Bělehrad,Белград,Belgrado,Belgrad,Belgrado,贝尔格莱德(Belgrade),Belgrad,Belgrado,Beograd,Βελιγράδι
Slovakia,Bratislava,Bratislava,Bratislava,Bratislava,Bratislava,Bratislava,Братислава,Bratislava,Bratislava,Bratislava,布拉迪斯拉发(Bratislava),Bratysława,Bratislava,Bratislava,Μπρατισλάβα
Slovenia,Ljubljana,Ljubljana,Liubliana,Ljubljana,Ljubljana,Lublaň,Любляна,Ljubljana,Ljubljana,Liubliana,卢布尔雅那(Ljubljana),Lublana,Lubiana,Ljubljana,Λιουμπλιάνα
Spain,Madrid,Madrid,Madrid,Madrid,Madrid,Madrid,Мадрид,Madrid,Madrid,"Madri (BR), Madrid (PT)",马德里(Madrid),Madryt,Madrid,Madrid,Μαδρίτη
Sweden,Stockholm,Stockholm,Estocolmo,Stockholm,Stockholm,Stockholm,Стокгольм,Stockholm,Stockholm,Estocolmo,斯德哥尔摩(Stockholm),Sztokholm,Stoccolma,Stockholm,Στοκχόλμη
Switzerland,Bern,Bern,Berna,Berne,Bern,Bern,Берн,Bern,Bern,Berna,伯尔尼(Bern),Berno,Berna,Bern,Βέρνη
Turkey,Ankara,Ankara,Ankara,Ankara,Ankara,Ankara,Анкара,Ankara,Ankara,Ancara,安卡拉(Ankara),Ankara,Ankara,Ankara,Άγκυρα
Ukraine,Kyiv,Kiew,Kiev,Kiev,Kiev,Kyjev,Киев,Kiev,Kiev,Quieve,基辅(Kyiv),Kijów,Kiev,Kyiv,Κίεβο
Vatican City,Vatican City,Vatikanstadt,Ciudad del Vaticano,Vatican,Vatikanstaten,Vatikán,Ватикан,Vaticaanstad,Vatikanstaden,Vaticano,梵蒂冈城(Vatican City),Watykan,Città del Vaticano,Vatikanstaten,Πόλη του Βατικανού
Armenia,Yerevan,Jerewan,Ereván,Erevan,Jerevan,Jerevan,Ереван,Jerevan,Jerevan,Erevã,埃里温(Yerevan),Erywań,Erevan,Jerevan,Γερεβάν
Cyprus,Nicosia,Nikosia,Nicosia,Nicosie,Nikosia,Nikósie,Никосия,Nicosia,Nicosia,Nicósia,尼科西亚(Nicosia),Nikozja,Nicosia,Nicosia,Λευκωσία
Kazakhstan,Astana,Astana,Astaná,Astana,Astana,Astana,Астана,Astana,Astana,Astana,阿斯塔纳(Astana),Astana,Astana,Astana,Αστάνα
Egypt,Cairo,Kairo,El Cairo,Le Caire,Kairo,Káhira,Каир,Caïro,Kairo,Cairo,开罗(Cairo),Kair,Il Cairo,Cairo,Κάιρο
Algeria,Algiers,Algier,Argel,Alger,Alger,Alžír,Алжир,Algiers,Alger,Argel,阿尔及尔(Algiers),Algier,Algeri,Algier,Αλγέρι
Angola,Luanda,Luanda,Luanda,Luanda,Luanda,Luanda,Луанда,Luanda,Luanda,Luanda,罗安达(Luanda),Luanda,Luanda,Luanda,Λουάντα
Benin,Porto-Novo,Porto-Novo,Porto Novo,Porto-Novo,Porto-Novo,Porto Novo,Порто-Ново,Porto-Novo,Porto-Novo,Porto Novo,"波多诺伏(Porto-Novo, 也被称之为“新港”)",Porto-Novo,Porto-Novo,Porto Novo,Πόρτο-Νόβο
Botswana,Gaborone,Gaborone,Gaborone,Gaborone,Gaborone,Gaborone,Габороне,Gaborone,Gaborone,Gaborone,哈博罗内(Gaborone),Gaborone,Gaborone,Gaborone,Γκαμπορόνε
Burkina Faso,Ouagadougou,Ouagadougou,Uagadugú,Ouagadougou,Ouagadougou,Ouagadougou,Уагадугу,Ouagadougou,Ouagadougou,Uagadugu,瓦加杜古(Ouagadougou),Wagadugu,Ouagadougou,Ouagadougou,Ουαγκαντούγκου
Cameroon,Yaoundé,Yaoundé,Yaundé,Yaoundé,Yaoundé,Yaoundé,Яунде,Yaoundé,Yaoundé,Iaundé,雅温得(Yaoundé),Jaunde,Yaoundé,Yaoundé,Γιαουντέ
Burundi,Gitega,Gitega,Guitega,Gitega,Gitega,Gitega,Гитега,Gitega,Gitega,Guitega,基特加(Gitega),Gitega,Gitega,Gitega,Γκιτέγκα
Cape Verde,Praia,Praia,Praia,Praia,Praia,Praia,Прая,Praia,Praia,Praia,普拉亚(Praia),Praia,Praia,Praia,"Πράγια "
São Tomé and Príncipe,São Tomé,São Tomé,Santo Tomé,São Tomé,São Tomé,São Tomé,Сан-Томе,Sao Tomé,São Tomé,São Tomé,圣多美(São Tomé),São Tomé,São Tomé,São Tomé,Σάο Τομέ
Central African Republic,Bangui,Bangui,Bangui,Bangui,Bangui,Bangui,Банги,Bangui,Bangui,Bangui,班吉(Bangui),Bangi,Bangui,Bangui,Μπανγκί
Chad,N'Djamena,N’Djamena,Yamena,N'Djaména,Ndjamena,N'Djamena,Нджамена,Ndjamena,N'Djamena,Jamena,恩贾梅纳(N'Djamena),Ndżamena,N'Djamena,Ndjamena,Ντζαμένα
Equatorial Guinea,Malabo,Malabo,Malabo,Malabo,Malabo,Malabo,Малабо,Malabo,Malabo,Malabo,马拉博(Malabo),Malabo,Malabo,Malabo,Μαλάμπο
Kenya,Nairobi,Nairobi,Nairobi,Nairobi,Nairobi,Nairobi,Найроби,Nairobi,Nairobi,Nairóbi,内罗毕(Nairobi),Nairobi,Nairobi,Nairobi,Ναϊρόμπι
Comoros,Moroni,Moroni,Moroni,Moroni,Moroni,Moroni,Морони,Moroni,Moroni,Moroni,莫罗尼(Moroni),Moroni,Moroni,Moroni,Μορονί
Ivory Coast,Yamoussoukro,Yamoussoukro,Yamusukro,Yamoussoukro,Yamoussoukro,Yamoussoukro,Ямусукро,Yamoussoukro,Yamoussoukro,Iamussucro,亚穆苏克罗(Yamoussoukro),Jamusukro,Yamoussoukro,Yamoussoukro,Γιαμουσούκρο
Democratic Republic of the Congo,Kinshasa,Kinshasa,Kinsasa,Kinshasa,Kinshasa,Kinshasa,Киншаса,Kinshasa,Kinshasa,Quinxassa,金沙萨(Kinshasa),Kinszasa,Kinshasa,Kinshasa,Κινσάσα
Djibouti,Djibouti,Dschibuti,Yibuti,Djibouti,Djibouti,Džibuti,Джибути,Djibouti,Djibouti,"Djibuti (BR), Jibuti (PT)",吉布提(Djibouti),Dżibuti,Gibuti,Djibouti,Πόλη του Τζιμπουτί
Guinea-Bissau,Bissau,Bissau,Bisáu,Bissau,Bissau,Bissau,Бисау,Bissau,Bissau,Bissau,比绍(Bissau),Bissau,Bissau,Bissau,Μπισάου
Eritrea,Asmara,Asmara,Asmara,Asmara,Asmara,Asmara,Асмэра,Asmara,Asmara,Asmara,阿斯马拉(Asmara),Asmara,Asmara,Asmara,Ασμάρα
Ethiopia,Addis Ababa,Addis Abeba,Adís Abeba,Addis-Abeba,Addis Abeba,Addis Abeba,Аддис-Абеба,Addis Abeba,Addis Abeba,Adis Abeba,亚的斯亚贝巴(Addis Ababa),Addis Abeba,Addis Abeba,Addis Abeba,Αντίς Αμπέμπα
Gabon,Libreville,Libreville,Libreville,Libreville,Libreville,Libreville,Либревиль,Libreville,Libreville,Librevile,利伯维尔(Libreville),Libreville,Libreville,Libreville,Λιμπρεβίλ
The Gambia,Banjul,Banjul,Banjul,Banjul,Banjul,Banjul,Банджул,Banjul,Banjul,Banjul,班珠尔(Banjul),Bandżul,Banjul,Banjul,Μπαντζούλ
Lesotho,Maseru,Maseru,Maseru,Maseru,Maseru,Maseru,Масеру,Maseru,Maseru,Maseru,马塞卢(Maseru),Maseru,Maseru,Maseru,Μαζέρου
Liberia,Monrovia,Monrovia,Monrovia,Monrovia,Monrovia,Monrovia,Монровия,Monrovia,Monrovia,Monróvia,蒙罗维亚(Monrovia),Monrovia,Monrovia,Monrovia,Μονρόβια
Madagascar,Antananarivo,Antananarivo,Antananarivo,Antananarivo,Antananarivo,Antananarivo,Антананариву,Antananarivo,Antananarivo,Antananarivo,塔那那利佛(Antananarivo),Antananarywa,Antananarivo,Antananarivo,Ανταναναρίβο
Malawi,Lilongwe,Lilongwe,Lilongüe,Lilongwe,Lilongwe,Lilongwe,Лилонгве,Lilongwe,Lilongwe,Lilongué,利隆圭(Lilongwe),Lilongwe,Lilongwe,Lilongwe,Λιλόνγκουε
Mali,Bamako,Bamako,Bamako,Bamako,Bamako,Bamako,Бамако,Bamako,Bamako,Bamaco,巴马科(Bamako),Bamako,Bamako,Bamako,Μπαμακό
Mauritania,Nouakchott,Nouakchott,Nuakchot,Nouakchott,Nouakchott,Nuakšott,Нуакшот,Nouakchott,Nouakchott,Nuaquexote,努瓦克肖特(Nouakchott),Nawakszut,Nouakchott,Nouakchott,Νουακσότ
Mauritius,Port Louis,Port Louis,Port Louis,Port-Louis,Port Louis,Port Louis,Порт-Луи,Port Louis,Port Louis,Porto Luís,路易港(Port Louis),Port Louis,Port Louis,Port Louis,Πορ-Λουί
Morocco,Rabat,Rabat,Rabat,Rabat,Rabat,Rabat,Рабат,Rabat,Rabat,Rabate,拉巴特(Rabat),Rabat,Rabat,Rabat,Ραμπάτ
Mozambique,Maputo,Maputo,Maputo,Maputo,Maputo,Maputo,Мапуту,Maputo,Maputo,Maputo,马普托(Maputo),Maputo,Maputo,Maputo,Μαπούτο
Namibia,Windhoek,Windhoek,Windhoek,Windhoek,Windhoek,Windhoek,Виндхук,Windhoek,Windhoek,Vinduque,温得和克(Windhoek),Windhuk,Windhoek,Windhoek,Βίντχουκ
Niger,Niamey,Niamey,Niamey,Niamey,Niamey,Niamey,Ниамей,Niamey,Niamey,Niamei,尼亚美(Niamey),Niamey,Niamey,Niamey,Νιαμέ
Nigeria,Abuja,Abuja,Abuya,Abuja,Abuja,Abuja,Абуджа,Abuja,Abuja,Abuja,阿布贾(Abuja),Abudża,Abuja,Abuja,Αμπούτζα
Republic of the Congo,Brazzaville,Brazzaville,Brazzaville,Brazzaville,Brazzaville,Brazzaville,Браззавиль,Brazzaville,Brazzaville,Brazavile,布拉柴维尔(Brazzaville),Brazzaville,Brazzaville,Brazzaville,Μπραζαβίλ
Rwanda,Kigali,Kigali,Kigali,Kigali,Kigali,Kigali,Кигали,Kigali,Kigali,Quigali,基加利(Kigali),Kigali,Kigali,Kigali,Κιγκάλι
Senegal,Dakar,Dakar,Dakar,Dakar,Dakar,Dakar,Дакар,Dakar,Dakar,Dacar,达喀尔(Dakar),Dakar,Dakar,Dakar,Ντακάρ
Seychelles,Victoria,Victoria,Victoria,Victoria,Victoria,Victoria,Виктория,Victoria,Victoria,Vitória,维多利亚(Victoria),Victoria,Victoria,Victoria,Βικτώρια
Sierra Leone,Freetown,Freetown,Freetown,Freetown,Freetown,Freetown,Фритаун,Freetown,Freetown,Freetown,弗里敦(Freetown),Freetown,Freetown,Freetown,Φρίταουν
South Africa,"Pretoria, Cape Town, Bloemfontein","Pretoria, Kapstadt, Bloemfontein","Pretoria, Ciudad del Cabo, Bloemfontein","Pretoria, Le Cap, Bloemfontein","Pretoria, Cape Town, Bloemfontein","Pretorie, Kapské Město, Bloemfontein","Претория, Кейптаун, Блумфонтейн","Pretoria, Kaapstad, Bloemfontein","Pretoria, Kapstaden, Bloemfontein","Pretória, Cidade do Cabo, Blumefontaina",比勒陀利亚(Pretoria)、开普敦(Cape Town)、布隆方丹(Bloemfontein),"Pretoria, Kapsztad, Bloemfontein","Pretoria, Città del Capo, Bloemfontein","Pretoria, Cape Town, Bloemfontein","Πρετόρια, Κέιπ Τάουν, Μπλουμφοντέιν"
Sudan,Khartoum,Khartum,Jartum,Khartoum,Khartoum,Chartúm,Хартум,Khartoem,Khartoum,Cartum,喀土穆(Khartoum),Chartum,Khartum,Khartoum,Χαρτούμ
Eswatini,Mbabane,Mbabane,Mbabane,Mbabane,Mbabane,Mbabane,Мбабане,Mbabane,Mbabane,Mebabane,姆巴巴内(Mbabane),Mbabane,Mbabane,Mbabane,Μπαμπάνε
Tanzania,Dodoma,Dodoma,Dodoma,Dodoma,Dodoma,Dodoma,Додома,Dodoma,Dodoma,Dodoma,多多马(Dodoma),Dodoma,Dodoma,Dodoma,Ντοντόμα
Togo,Lomé,Lomé,Lomé,Lomé,Lomé,Lomé,Ломе,Lomé,Lomé,Lomé,洛美(Lomé),Lomé,Lomé,Lomé,Λομέ
Tunisia,Tunis,Tunis,Túnez,Tunis,Tunis,Tunis,Тунис,Tunis,Tunis,Tunes,突尼斯(Tunis),Tunis,Tunisi,Tunis,Τύνιδα
Uganda,Kampala,Kampala,Kampala,Kampala,Kampala,Kampala,Кампала,Kampala,Kampala,Campala,坎帕拉(Kampala),Kampala,Kampala,Kampala,Καμπάλα
Sahrawi Arab Democratic Republic,Laayoune,El Aaiún,El Aaiún,Laâyoune,El Aaiún,Al-´Ajún,Эль-Аюн,al-Ajoen,al-Ayun,Laiune,阿尤恩(Laayoune),Al-Ujun,El Aaiún,El Aaiun,Λααγιούν
Zambia,Lusaka,Lusaka,Lusaka,Lusaka,Lusaka,Lusaka,Лусака,Lusaka,Lusaka,Lusaca,卢萨卡(Lusaka),Lusaka,Lusaka,Lusaka,Λουσάκα
Zimbabwe,Harare,Harare,Harare,Harare,Harare,Harare,Хараре,Harare,Harare,Harare,哈拉雷(Harare),Harare,Harare,Harare,Χαράρε
Afghanistan,Kabul,Kabul,Kabul,Kaboul,Kabul,Kábul,Кабул,Kabul,Kabul,Cabul,喀布尔(Kabul),Kabul,Kabul,Kabul,Καμπούλ
Bahrain,Manama,Manama,Manama,Manama,Manama,Manáma,Манама,Manama,Manama,Manama,麦纳麦(Manama),Manama,Manama,Manama,Μανάμα
Bangladesh,Dhaka,Dhaka,Daca,Dacca,Dhaka,Dháka,Дакка,Dhaka,Dhaka,Daca,达卡(Dhaka),Dhaka,Dacca,Dhaka,Ντάκα
Bhutan,Thimphu,Thimphu,Timbu,Thimphou,Thimpu,Thimbú,Тхимпху,Thimphu,Thimphu,Timbu,廷布(Thimphu),Thimphu,Thimphu,Timphu,Τιμπού
Brunei,Bandar Seri Begawan,Bandar Seri Begawan,Bandar Seri Begawan,Bandar Seri Begawan,Bandar Seri Begawan,Bandar Seri Begawan,Бандар-Сери-Бегаван,Bandar Seri Begawan,Bandar Seri Begawan,Bandar Seri Begauã,斯里巴加湾市(Bandar Seri Begawan),Bandar Seri Begawan,Bandar Seri Begawan,Bandar Seri Begawan,Μπαντάρ Σερί Μπεγκαβάν
China,Beijing,Peking,Pekín,Pékin,Beijing,Peking,Пекин,Peking,Peking,Pequim,北京(Beijing),Pekin,Pechino,Beijing,Πεκίνο
Cambodia,Phnom Penh,Phnom Penh,Nom Pen,Phnom Penh,Phnom Penh,Phnompenh,Пномпень,Phnom Penh,Phnom Penh,Penome Pene,金边(Phnom Penh),Phnom Penh,Phnom Penh,Phnom Penh,Πνομ Πεν
Indonesia,Jakarta,Jakarta,Yakarta,Jakarta,Jakarta,Jakarta,Джакарта,Jakarta,Jakarta,Jacarta,雅加达(Jakarta),Dżakarta,Giacarta,Djakarta,Τζακάρτα
India,New Delhi,Neu-Delhi,Nueva Delhi,New Delhi,New Delhi,Nové Dillí,Нью-Дели,New Delhi,New Delhi,Nova Deli,新德里(New Delhi),Nowe Delhi,Nuova Delhi,New Delhi,Νέο Δελχί
Iran,Tehran,Teheran,Teherán,Téhéran,Teheran,Teherán,Тегеран,Teheran,Teheran,Teerão,德黑兰(Tehran),Teheran,Teheran,Teheran,Τεχεράνη
Israel,Jerusalem,Jerusalem,Jerusalén,Jérusalem,Jerusalem,Jeruzalém,Иерусалим,Jeruzalem,Jerusalem,Jerusalém,耶路撒冷(Jerusalem),Jerozolima,Gerusalemme,Jerusalem,Ιερουσαλήμ
Iraq,Baghdad,Bagdad,Bagdad,Bagdad,Bagdad,Bagdád,Багдад,Bagdad,Bagdad,"Bagdá (BR), Bagdade (PT)",巴格达(Baghdad),Bagdad,Baghdad,Bagdad,Βαγδάτη
South Korea,Seoul,Seoul,Seúl,Séoul,Seoul,Soul,Сеул,Seoel,Seoul,Seul,首尔(Seoul),Seul,Seul,Seoul,Σεούλ
North Korea,Pyongyang,Pjöngjang,Pionyang,Pyongyang,Pyongyang,Pchjongjang,Пхеньян,Pyongyang,Pyongyang,Pionguiangue,平壤(Pyongyang),Pjongjang,Pyongyang,Pyongyang,Πιονγιάνγκ
Jordan,Amman,Amman,Amán,Amman,Amman,Ammán,Амман,Amman,Amman,Amã,安曼(Amman),Amman,Amman,Amman,Αμμάν
Japan,Tokyo,Tokio,Tokio,Tokyo,Tokyo,Tokio,Токио,Tokio,Tokyo,Tóquio,东京(Tokyo),Tokio,Tokyo,Tokyo,Τόκιο
Lebanon,Beirut,Beirut,Beirut,Beyrouth,Beirut,Bejrút,Бейрут,Beiroet,Beirut,Beirute,贝鲁特(Beirut),Bejrut,Beirut,Beirut,Βηρυτός
Laos,Vientiane,Vientiane,Vientián,Vientiane,Vientiane,Vientiane,Вьентьян,Vientiane,Vientiane,Vienciana,万象(Vientiane),Wientian,Vientiane,Vientiane,Βιεντιάν
Kyrgyzstan,Bishkek,Bischkek,Biskek,Bichkek,Bisjkek,Biškek,Бишкек,Bisjkek,Bisjkek,Bisqueque,比什凯克(Bishkek),Biszkek,Biškek,Bisjkek,Μπισκέκ
Kuwait,Kuwait City,Kuwait-Stadt,Kuwait,Koweït,Kuwait by,Kuvajt,Эль-Кувейт,Koeweit,Kuwait,Kuwait,科威特城(Kuwait City),Kuwejt,Al Kuwait,Kuwait,Πόλη του Κουβέιτ
Myanmar,Naypyidaw,Naypyidaw,Naipyidó,Naypyidaw,Naypyidaw,Neipyijto,Нейпьидо,Naypyidaw,Naypyidaw,Nepiedó,内比都(Naypyidaw),Naypyidaw,Naypyidaw,Naypyidaw,Νέπιντο
Mongolia,Ulaanbaatar,Ulaanbaatar,Ulán Bator,Oulan-Bator,Ulaanbaatar,Ulánbátar,Улан-Батор,Ulaanbaatar,Ulan Bator,Ulã Bator,乌兰巴托(Ulaanbaatar),Ułan Bator,Ulan Bator,Ulan Bator,Ουλάν Μπατόρ
Maldives,Malé,Malé,Malé,Malé,Malé,Male,Мале,Malé,Malé,Malé,马累(Malé),Male,Malé,Malé,Μαλέ
Malaysia,Kuala Lumpur,Kuala Lumpur,Kuala Lumpur,Kuala Lumpur,Kuala Lumpur,Kuala Lumpur,Куала-Лумпур,Kuala Lumpur,Kuala Lumpur,Quala Lumpur,吉隆坡(Kuala Lumpur),Kuala Lumpur,Kuala Lumpur,Kuala Lumpur,Κουάλα Λουμπούρ
Oman,Muscat,Maskat,Mascate,Mascate,Muscat,Maskat,Маскат,Masqat,Muskat,Mascate,马斯喀特(Muscat),Muskat,Mascate,Muscat,Μουσκάτ
Nepal,Kathmandu,Kathmandu,Katmandú,Katmandou,Katmandu,Káthmándú,Катманду,Kathmandu,Katmandu,Catmandu,加德满都(Kathmandu),Katmandu,Katmandu,Katmandu,Κατμαντού
Palestine,Jerusalem,Jerusalem,Jerusalén,Jérusalem,Jerusalem,Jeruzalém,Иерусалим,Jeruzalem,Jerusalem,Jerusalém,耶路撒冷(Jerusalem),Jerozolima,Gerusalemme,Jerusalem,Ιερουσαλήμ
Pakistan,Islamabad,Islamabad,Islamabad,Islamabad,Islamabad,Islámábád,Исламабад,Islamabad,Islamabad,Islamabade,伊斯兰堡(Islamabad),Islamabad,Islamabad,Islamabad,Ισλαμαμπάντ
Qatar,Doha,Doha,Doha,Doha,Doha,Dauhá,Доха,Doha,Doha,Doa,多哈(Doha),Doha,Doha,Doha,Ντόχα
Saudi Arabia,Riyadh,Riad,Riad,Riyad,Riyadh,Rijád,Эр-Рияд,Riyad,Riyadh,Riade,利雅得(Riyadh),Rijad,Riad,Riyadh,Ριάντ
Singapore,Singapore,Singapur,Singapur,Singapour,Singapore,Singapur,Сингапур,Singapore,Singapore,Singapura,新加坡(Singapore),Singapur,Singapore,Singapore,Σιγκαπούρη
Syria,Damascus,Damaskus,Damasco,Damas,Damaskus,Damašek,Дамаск,Damascus,Damaskus,Damasco,大马士革(Damascus),Damaszek,Damasco,Damaskus,Δαμασκός
Taiwan,Taipei,Taipeh,Taipéi,Taipei,Taipei,Tchaj-pej,Тайбэй,Taipei,Taipei,Taipé,台北(Taipei),Tajpej,Taipei,Taipei,Ταϊπέι
Sri Lanka,Sri Jayawardenepura Kotte,Sri Jayewardenepura Kotte,Sri Jayawardenapura Kotte,Sri Jayawardenapura Kotte,Colombo,Šrí Džajavardanapura Kotte,Шри-Джаяварденепура-Котте,Sri Jayewardenapura Kotte,Sri Jayawardenapura,Seri Jaiavardenapura-Cota,斯里贾亚瓦德纳普拉科特(Sri Jayawardenepura Kotte)，亦称科特,Sri Dźajawardanapura Kotte,Sri Jayawardenapura Kotte,Sri Jayawardenapura Kotte,Σρι Τζάγιαβαρντενεπουρα Κότε
Tajikistan,Dushanbe,Duschanbe,Dusambé,Douchanbé,Dusjanbe,Dušanbe,Душанбе,Doesjanbe,Dusjanbe,Duxambé,杜尚别(Dushanbe),Duszanbe,Dušanbe,Dusjanbe,Ντουσαμπέ
Thailand,Bangkok,Bangkok,Bangkok,Bangkok,Bangkok,Bangkok,Бангкок,Bangkok,Bangkok,"Bancoque (BR), Banguecoque (PT)",曼谷(Bangkok),Bangkok,Bangkok,Bangkok,Μπανγκόκ
East Timor,Dili,Dili,Dili,Dili,Dili,Dili,Дили,Dili,Dili,Díli,帝力(Dili),Dili,Dili,Dili,Ντίλι
United Arab Emirates,Abu Dhabi,Abu Dhabi,Abu Dabi,Abou Dabi,Abu Dhabi,Abú Zabí,Абу-Даби,Abu Dhabi,Abu Dhabi,Abu Dabi,阿布扎比(Abu Dhabi),Abu Zabi,Abu Dhabi,Abu Dhabi,Άμπου Ντάμπι
Turkmenistan,Ashgabat,Aşgabat,Asjabad,Achgabat,Asjkhabad,Ašchabad,Ашхабад,Asjchabad,Asjchabad,Asgabate,阿什哈巴德(Ashgabat),Aszchabad,Aşgabat,Asjkhabad,Ασγκαμπάτ
Yemen,Sana'a,Sanaa,Saná,Sanaa,Sana,San'á,Сана,Sanaa,Sanaa,Saná,萨那(Sana'a),Sana,Sana'a,Sana,Σαναά
Vietnam,Hanoi,Hanoi,Hanói,Hanoï,Hanoi,Hanoj,Ханой,Hanoi,Hanoi,Hanói,河内(Hanoi),Hanoi,Hanoi,Hanoi,Ανόι
Uzbekistan,Tashkent,Taschkent,Taskent,Tachkent,Tasjkent,Taškent,Ташкент,Tasjkent,Tasjkent,Tasquente,塔什干(Tashkent),Taszkent,Tashkent,Tasjkent,Τασκένδη
Fiji,Suva,Suva,Suva,Suva,Suva,Suva,Сува,Suva,Suva,Suva,苏瓦(Suva),Suva,Suva,Suva,Σούβα
Papua New Guinea,Port Moresby,Port Moresby,Puerto Moresby,Port Moresby,Port Moresby,Port Moresby,Порт-Морсби,Port Moresby,Port Moresby,Porto Moresby,莫尔兹比港(Port Moresby),Port Moresby,Port Moresby,Port Moresby,Πορτ Μόρεσμπι
Australia,Canberra,Canberra,Canberra,Canberra,Canberra,Canberra,Канберра,Canberra,Canberra,Camberra,堪培拉(Canberra),Canberra,Canberra,Canberra,Καμπέρα
Solomon Islands,Honiara,Honiara,Honiara,Honiara,Honiara,Honiara,Хониара,Honiara,Honiara,Honiara,霍尼亚拉(Honiara),Honiara,Honiara,Honiara,Ονιάρα
Argentina,Buenos Aires,Buenos Aires,Buenos Aires,Buenos Aires,Buenos Aires,Buenos Aires,Буэнос-Айрес,Buenos Aires,Buenos Aires,Buenos Aires,布宜诺斯艾利斯(Buenos Aires),Buenos Aires,Buenos Aires,Buenos Aires,Μπουένος Άιρες
Bolivia,Sucre,Sucre,Sucre,Sucre,Sucre,Sucre,Сукре,Sucre,Sucre,Sucre,苏克雷(Sucre),Sucre,Sucre,Sucre,Σούκρε
Brazil,Brasília,Brasília,Brasilia,Brasilia,Brasilia,Brasília,Бразилиа,Brasilia,Brasília,Brasília,巴西利亚(Brasília),Brasilia,Brasilia,Brasilia,Μπραζίλια
Chile,Santiago,Santiago de Chile,Santiago de Chile,Santiago,Santiago de Chile,Santiago de Chile,Сантьяго,Santiago,Santiago de Chile,Santiago,圣地亚哥(Santiago),Santiago,Santiago del Cile,Santiago,Σαντιάγο
Colombia,Bogotá,Bogotá,Bogotá,Bogota,Bogotá,Bogotá,Богота,Bogota,Bogotá,Bogotá,波哥大(Bogotá),Bogota,Bogotà,Bogotá,Μπογκοτά
Ecuador,Quito,Quito,Quito,Quito,Quito,Quito,Кито,Quito,Quito,Quito,基多(Quito),Quito,Quito,Quito,Κίτο
Guyana,Georgetown,Georgetown,Georgetown,Georgetown,Georgetown,Georgetown,Джорджтаун,Georgetown,Georgetown,Georgetown,乔治敦(Georgetown),Georgetown,Georgetown,Georgetown,Τζώρτζταουν
Paraguay,Asunción,Asunción,Asunción,Asuncion,Asunción,Asunción,Асунсьон,Asunción,Asunción,Assunção,亚松森(Asunción),Asunción,Asunción,Asunción,Ασουνσιόν
Peru,Lima,Lima,Lima,Lima,Lima,Lima,Лима,Lima,Lima,Lima,利马(Lima),Lima,Lima,Lima,Λίμα
Suriname,Paramaribo,Paramaribo,Paramaribo,Paramaribo,Paramaribo,Paramaribo,Парамарибо,Paramaribo,Paramaribo,Paramaribo,帕拉马里博(Paramaribo),Paramaribo,Paramaribo,Paramaribo,Παραμαρίμπο
Uruguay,Montevideo,Montevideo,Montevideo,Montevideo,Montevideo,Montevideo,Монтевидео,Montevideo,Montevideo,"Montevidéu (BR), Montevideu (PT)",蒙得维的亚(Montevideo),Montevideo,Montevideo,Montevideo,Μοντεβιδέο
Venezuela,Caracas,Caracas,Caracas,Caracas,Caracas,Caracas,Каракас,Caracas,Caracas,Caracas,加拉加斯(Caracas),Caracas,Caracas,Caracas,Καράκας
Cook Islands,Avarua,Avarua,Avarua,Avarua,Avarua,Avarua,Аваруа,Avarua,Avarua,Avarua,阿瓦鲁阿(Avarua),Avarua,Avarua,Avarua,Αβαρούα
Federated States of Micronesia,Palikir,Palikir,Palikir,Palikir,Palikir,Palikir,Паликир,Palikir,Palikir,Paliquir,帕利基尔(Palikir),Palikir,Palikir,Palikir,Παλικίρ
Guam,Hagåtña,Hagåtña,Agaña,Hagåtña,Hagåtña,Hagåtña,Хагатна,Hagåtña,Hagåtña,Aganha,哈加特纳(Hagåtña),Hagåtña,Hagåtña,Agana,Χαγκάτνια
Vanuatu,Port Vila,Port Vila,Port Vila,Port-Vila,Vila,Port Vila,Порт-Вила,Port Vila,Port Vila,Porto Vila,维拉港(Port Vila),Port Vila,Port Vila,Port Vila,Πορτ Βίλα
Canada,Ottawa,Ottawa,Ottawa,Ottawa,Ottawa,Ottawa,Оттава,Ottawa,Ottawa,Otava,渥太华(Ottawa),Ottawa,Ottawa,Ottawa,Οττάβα
United States of America,"Washington, D.C.","Washington, D.C.",Washington D. C.,Washington,"Washington, D.C.","Washington, D.C.","Вашингтон, округ Колумбия",Washington D.C.,"Washington, D.C.","Washington, D.C.","华盛顿特区(Washington, D.C.)",Waszyngton,Washington,Washington,Ουάσιγκτον
Mexico,Mexico City,Mexiko-Stadt,Ciudad de México,Mexico,Mexico by,Ciudad de México,Мехико,Mexico-Stad,Mexico City,Cidade do México,墨西哥城(Mexico City),Meksyk,Città del Messico,Mexico City,Πόλη του Μεξικού
Puerto Rico,San Juan,San Juan,San Juan,San Juan,San Juan,San Juan,Сан-Хуан,San Juan,San Juan,São João,圣胡安(San Juan),San Juan,San Juan,San Juan,Σαν Χουάν
Cuba,Havana,Havanna,La Habana,La Havane,Havanna,Havana,Гавана,Havana,Havanna,Havana,哈瓦那(Havana),Hawana,L'Avana,Havanna,Αβάνα
Dominican Republic,Santo Domingo,Santo Domingo,Santo Domingo,Saint-Domingue,Santo Domingo,Santo Domingo,Санто-Доминго,Santo Domingo,Santo Domingo,São Domingos,圣多明各(Santo Domingo),Santo Domingo,Santo Domingo,Santo Domingo,Σάντο Ντομίνγκο
Haiti,Port-au-Prince,Port-au-Prince,Puerto Príncipe,Port-au-Prince,Port-au-Prince,Port-au-Prince,Порт-о-Пренс,Port-au-Prince,Port-au-Prince,Porto Príncipe,太子港(Port-au-Prince),Port-au-Prince,Port-au-Prince,Port-au-Prince,Πορ-ω-Πρενς
Jamaica,Kingston,Kingston,Kingston,Kingston,Kingston,Kingston,Кингстон,Kingston,Kingston,Kingston,金斯敦(Kingston),Kingston,Kingston,Kingston,Κίνγκστον
Trinidad and Tobago,Port of Spain,Port of Spain,Puerto España,Port-d'Espagne,Port of Spain,Port of Spain,Порт-оф-Спейн,Port of Spain,Port of Spain,Porto da Espanha,西班牙港(Port of Spain),Port-of-Spain,Port of Spain,Port of Spain,Πορτ οφ Σπέιν
The Bahamas,Nassau,Nassau,Nasáu,Nassau,Nassau,Nassau,Нассау,Nassau,Nassau,Nassau,拿骚(Nassau),Nassau,Nassau,Nassau,Νάσσαου
Barbados,Bridgetown,Bridgetown,Bridgetown,Bridgetown,Bridgetown,Bridgetown,Бриджтаун,Bridgetown,Bridgetown,Bridgetown,布里奇敦(Bridgetown),Bridgetown,Bridgetown,Bridgetown,Μπριτζτάουν
Belize,Belmopan,Belmopan,Belmopán,Belmopan,Belmopan,Belmopan,Бельмопан,Belmopan,Belmopan,Belmopã,贝尔莫潘(Belmopan),Belmopan,Belmopan,Belmopan,Μπελμοπάν
Costa Rica,San José,San José,San José,San José,San José,San José,Сан-Хосе,San José,San José,São José,圣何塞(San José),San José,San José,San José,Σαν Χοσέ
El Salvador,San Salvador,San Salvador,San Salvador,San Salvador,San Salvador,San Salvador,Сан-Сальвадор,San Salvador,San Salvador,São Salvador,圣萨尔瓦多(San Salvador),San Salvador,San Salvador,San Salvador,Σαν Σαλβαδόρ
Guatemala,Guatemala City,Guatemala-Stadt,Ciudad de Guatemala,Guatemala,Guatemala by,Ciudad de Guatemala,Гватемала,Guatemala-Stad,Guatemala City,Cidade da Guatemala,危地马拉市(Guatemala City),Gwatemala,Città del Guatemala,Guatemala City,Πόλη της Γουατεμάλας
Honduras,Tegucigalpa,Tegucigalpa,Tegucigalpa,Tegucigalpa,Tegucigalpa,Tegucigalpa,Тегусигальпа,Tegucigalpa,Tegucigalpa,Tegucigalpa,特古西加尔巴(Tegucigalpa),Tegucigalpa,Tegucigalpa,Tegucigalpa,Τεγουσιγάλπα
Nicaragua,Managua,Managua,Managua,Managua,Managua,Managua,Манагуа,Managua,Managua,Manágua,马那瓜(Managua),Managua,Managua,Managua,Μανάγουα
Panama,Panama City,Panama-Stadt,Ciudad de Panamá,Panama,Panama by,Panamá,Панама-Сити,Panama-stad,Panama City,Cidade do Panamá,巴拿马城(Panama City),Panama,Panama,Panama City,Πόλη του Παναμά
Antigua and Barbuda,St. John's,Saint John’s,Saint John,Saint John's,Saint John’s,Saint John's,Сент-Джонс,Saint John's,Saint John's,São João,圣约翰(St. John's),Saint John’s,Saint John's,St. John’s,Σεντ Τζονς
Dominica,Roseau,Roseau,Roseau,Roseau,Roseau,Roseau,Розо,Roseau,Roseau,Roseau,罗索(Roseau),Roseau,Roseau,Roseau,Ροζό
Saint Vincent and the Grenadines,Kingstown,Kingstown,Kingstown,Kingstown,Kingstown,Kingstown,Кингстаун,Kingstown,Kingstown,Kingstown,金斯敦(Kingstown),Kingstown,Kingstown,Kingstown,Κίνγκσταουν
Somalia,Mogadishu,Mogadischu,Mogadiscio,Mogadiscio,Mogadishu,Mogadišo,Могадишо,Mogadishu,Mogadishu,Mogadíscio,摩加迪沙(Mogadishu),Mogadiszu,Mogadiscio,Mogadishu,Μογκαντίσου
Ghana,Accra,Accra,Acra,Accra,Accra,Accra,Аккра,Accra,Accra,Acra,阿克拉(Accra),Akra,Accra,Accra,Άκκρα
Guinea,Conakry,Conakry,Conakri,Conakry,Conakry,Conakry,Конакри,Conakry,Conakry,Conacri,科纳克里(Conakry),Konakry,Conakry,Conakry,Κονακρί
New Zealand,Wellington,Wellington,Wellington,Wellington,Wellington,Wellington,Веллингтон,Wellington,Wellington,Wellington,惠灵顿(Wellington),Wellington,Wellington,Wellington,Ουέλινγκτον
French Polynesia,Papeete,Papeete,Papeete,Papeete,Papeete,Papeete,Папеэте,Papeete,Papeete,Papete,帕皮提(Papeete),Papeete,Papeete,Papeete,Παπεέτε
Philippines,Manila,Manila,Manila,Manille,Manila,Manila,Манила,Manilla,Manila,Manila,马尼拉(Manila),Manila,Manila,Manila,Μανίλα
Kosovo,Pristina,Pristina,Pristina,Pristina,Pristina,Priština,Приштина,Pristina,Pristina,Pristina,普里什蒂纳(Pristina),Prisztina,Pristina,Pristina,Πρίστινα
Libya,Tripoli,Tripolis,Trípoli,Tripoli,Tripoli,Tripolis,Триполи,Tripoli,Tripoli,Trípoli,的黎波里(Tripoli),Trypolis,Tripoli,Tripoli,Τρίπολη
Palau,Ngerulmud,Ngerulmud,Ngerulmud,Ngerulmud,Ngerulmud,Ngerulmud,Нгерулмуд,Ngerulmud,Ngerulmud,Ngerulmud,恩格鲁穆德(Ngerulmud),Ngerulmud,Ngerulmud,Ngerulmud,Νγκερουλμούντ
Saint Lucia,Castries,Castries,Castries,Castries,Castries,Castries,Кастри,Castries,Castries,Castries,卡斯特里(Castries),Castries,Castries,Castries,Κάστρις
Grenada,St. George's,St. George's,Saint George,Saint-Georges,St. George's,Saint George's,Сент-Джорджес,Saint George's,Saint George's,São Jorge,圣乔治(St. George's),Saint George’s,Saint George's,St. George’s,Σαιντ Τζόρτζις
Curaçao,Willemstad,Willemstad,Willemstad,Willemstad,Willemstad,Willemstad,Виллемстад,Willemstad,Willemstad,Willemstad,威廉斯塔德(Willemstad),Willemstad,Willemstad,Willemstad,Βίλλεμστατ
Kiribati,South Tarawa,South Tarawa,Tarawa Sur,Tarawa-Sud,South Tarawa,Jižní Tarawa,Южная Тарава,Zuid-Tarawa,South Tarawa,Taraua do Sul,南塔拉瓦(South Tarawa),South Tarawa,Tarawa Sud,Sydtarawa,Νότια Ταράουα
Marshall Islands,Majuro,Majuro,Majuro,Majuro,Majuro,Majuro,Маджуро,Majuro,Majuro,Majuro,马朱罗(Majuro),Majuro,Majuro,Majuro,Ματζούρο
Nauru,Yaren,Yaren,Yaren,Yaren,Yaren,Yaren,Ярен,Yaren,Yaren,Iarém,亚伦(Yaren),Yaren,Yaren,Yaren,Γιαρέν
New Caledonia,Nouméa,Nouméa,Numea,Nouméa,Nouméa,Nouméa,Нумеа,Nouméa,Nouméa,Numeá,努美阿(Nouméa),Numea,Numea,Nouméa,Νουμεά
Niue,Alofi,Alofi,Alofi,Alofi,Alofi,Alofi,Алофи,Alofi,Alofi,Alofi,阿洛菲(Alofi),Alofi,Alofi,Alofi,Αλόφι
Northern Cyprus,North Nicosia,Nord-Nikosia,Nicosia del Norte,Nicosie-Nord,Nord-Nikosia,Severní Nikósie,Северная Никосия,Noord-Nicosia,Norra Nicosia,Nicósia do Norte,北尼科西亚(North Nicosia),Nikozja Północna,Nicosia Nord,Nordnicosia,Βόρεια Λευκωσία
Saint Kitts and Nevis,Basseterre,Basseterre,Basseterre,Basseterre,Basseterre,Basseterre,Бастер,Basseterre,Basseterre,Basseterre,巴斯特尔(Basseterre),Basseterre,Basseterre,Basseterre,Μπαστέρ
Samoa,Apia,Apia,Apia,Apia,Apia,Apia,Апиа,Apia,Apia,Apia,阿皮亚(Apia),Apia,Apia,Apia,Απία
Somaliland,Hargeisa,Hargeysa,Hargeisa,Hargeisa,Hargeisa,Hargeysa,Харгейса,Hargeisa,Hargeisa,Hargeisa,哈尔格萨(Hargeisa),Hargejsa,Hargheisa,Hargeisa,Χαργκέισα
South Sudan,Juba,Juba,Yuba,Djouba,Juba,Džuba,Джуба,Djoeba,Juba,Juba,朱巴(Juba),Dżuba,Giuba,Juba,Τζούμπα
Tuvalu,Funafuti,Funafuti,Funafuti,Funafuti,Funafuti,Funafuti,Фунафути,Funafuti,Funafuti,Funafuti,富纳富提(Funafuti),Funafuti,Funafuti,Funafuti,Φουναφούτι
United States Virgin Islands,Charlotte Amalie,Charlotte Amalie,Charlotte Amalie,Charlotte-Amélie,Charlotte Amalie,Charlotte Amalie,Шарлотта-Амалия,Charlotte Amalie,Charlotte Amalie,Carlota Amália,夏洛特阿马利亚(Charlotte Amalie),Charlotte Amalie,Charlotte Amalie,Charlotte Amalie,Σαρλότ Αμαλί
Åland Islands,Mariehamn,Mariehamn,Mariehamn,Mariehamn,Mariehamn,Mariehamn,Мариехамн,Mariehamn,Mariehamn,Marianhamina,玛丽港(Mariehamn),Maarianhamina,Mariehamn,Mariehamn,Μαριεχάμν
South Ossetia,Tskhinvali,Zchinwali,Tsjinval,Tskhinvali,Tskhinvali,Cchinvali,Цхинвал,Tschinvali,Tschinvali,Tsequinváli,茨欣瓦利(Tskhinvali),Cchinwali,Tskhinvali,Tskhinvali,Τσχινβάλι
Aruba,Oranjestad,Oranjestad,Oranjestad,Oranjestad,Oranjestad,Oranjestad,Ораньестад,Oranjestad,Oranjestad,Oranjestade,奥拉涅斯塔德(Oranjestad),Oranjestad,Oranjestad,Oranjestad,Οράνιεστατ
Abkhazia,Sukhumi,Sochumi,Sujumi,Soukhoumi,Sukhumi,Suchumi,Сухуми,Soechoemi,Suchumi,Sucumi,苏呼米(Sukhumi),Suchumi,Sukhumi,Sukhumi,Σουχούμι
Tonga,Nukuʻalofa,Nukuʻalofa,Nukualofa,Nukuʻalofa,Nukualofa,Nukuʻalofa,Нукуалофа,Nukuʻalofa,Nuku'alofa,Nucualofa,努库阿洛法(Nukuʻalofa),Nukuʻalofa,Nukuʻalofa,Nukualofa,Νουκουαλόφα
Transnistria,Tiraspol,Tiraspol,Tiráspol,Tiraspol,Tiraspol,Tiraspol,Тирасполь,Tiraspol,Tiraspol,Tiráspol,蒂拉斯波尔(Tiraspol),Tyraspol,Tiraspol,Tiraspol,Τιράσπολ
